{"cameraMode":{"drawMode":0,"name":"Shaded","section":"Shading Mode"},"sceneLighting":true,"audioPlay":false,"sceneViewState":{"m_AlwaysRefresh":false,"showFog":true,"showSkybox":true,"showFlares":true,"showImageEffects":true,"showParticleSystems":true,"showVisualEffectGraphs":true,"m_FxEnabled":true},"in2DMode":false,"pivot":{"x":-0.9212588667869568,"y":5.529453277587891,"z":-0.3087797164916992},"rotation":{"x":0.10480714589357376,"y":-0.0038759191520512106,"z":0.00040763409924693406,"w":0.994490921497345},"size":7.468849182128906,"orthographic":false}